-- =====================================================================
--  청년타파 - data_1_base.sql   base + 회원 · 자산
--  실행 전제 : schema.sql(28개 테이블) + data_0_code.sql(코드 마스터) 완료
--  실행 순서 : schema.sql -> data_0_code.sql -> ★이 파일★ -> data_2_benefit.sql
--  ★ 코드 테이블이 FK 부모이므로 data_0_code.sql 을 먼저 실행해야 한다.
--  ---------------------------------------------------------------------
--  · 자산 테이블(account, finance_product, member_finance_product,
--    spending, spending_category, expected_spending, stress_scenario)은
--    기존 data.sql 값을 그대로 보존. 단 ENUM만 설계서 기준 영어로 통일
--    (product_type 적금->SAVINGS 등, pay_method 체크카드->CHECK_CARD 등).
--  · [7/23 패치] member_profile.is_married(Y/N) -> mrg_stts_cd(0055 코드) 전환.
--    employ_status/major/education 과 함께 코드 테이블 FK 를 참조한다.
--    '제한없음'(0013010/0011009/0049010/0055003)은 회원 측 CHECK 로 차단되므로 미사용.
--  · [7/23 패치] benefit_category 를 API 대분류(lclsfNm) 5종과 1:1로 개편
--    (교통·기타 폐지, lclsf_nm 매칭키 추가).
--  · 그 외 테이블은 새 스키마(코드 ENUM)에 맞춰 재정비하고,
--    ENUM/코드 값은 각 도메인 값이 최소 1회 이상 등장하도록 구성.
--  · 시드 회원 공통 비밀번호(평문) : Test1234!  (BCrypt 해시 저장)
-- =====================================================================
SET NAMES utf8mb4;

-- 1. 회원 (member) : role USER/ADMIN, status Y/N 커버
INSERT INTO member (member_no, login_id, password, email, role, real_name, status, created_at) VALUES
  (1,  'admin',  '$2b$10$Mr0xNYvXvyD1R4rJZPqgGu2Je4I18d5ZtgbtoG2ia5tZ2V9vqKTsS', 'admin@youthtapa.kr', 'ADMIN', '관리자', 'Y', '2026-01-02 09:01:00'),
  (2,  'user02', '$2b$10$Mr0xNYvXvyD1R4rJZPqgGu2Je4I18d5ZtgbtoG2ia5tZ2V9vqKTsS', 'user02@test.com', 'USER', '김민준', 'Y', '2026-02-03 09:02:00'),
  (3,  'user03', '$2b$10$Mr0xNYvXvyD1R4rJZPqgGu2Je4I18d5ZtgbtoG2ia5tZ2V9vqKTsS', 'user03@test.com', 'USER', '이서연', 'Y', '2026-03-04 09:03:00'),
  (4,  'user04', '$2b$10$Mr0xNYvXvyD1R4rJZPqgGu2Je4I18d5ZtgbtoG2ia5tZ2V9vqKTsS', 'user04@test.com', 'USER', '박도윤', 'Y', '2026-04-05 09:04:00'),
  (5,  'user05', '$2b$10$Mr0xNYvXvyD1R4rJZPqgGu2Je4I18d5ZtgbtoG2ia5tZ2V9vqKTsS', 'user05@test.com', 'USER', '최지우', 'Y', '2026-05-06 09:05:00'),
  (6,  'user06', '$2b$10$Mr0xNYvXvyD1R4rJZPqgGu2Je4I18d5ZtgbtoG2ia5tZ2V9vqKTsS', 'user06@test.com', 'USER', '정하은', 'Y', '2026-06-07 09:06:00'),
  (7,  'user07', '$2b$10$Mr0xNYvXvyD1R4rJZPqgGu2Je4I18d5ZtgbtoG2ia5tZ2V9vqKTsS', 'user07@test.com', 'USER', '강시우', 'Y', '2026-01-08 09:07:00'),
  (8,  'user08', '$2b$10$Mr0xNYvXvyD1R4rJZPqgGu2Je4I18d5ZtgbtoG2ia5tZ2V9vqKTsS', 'user08@test.com', 'USER', '조유나', 'Y', '2026-02-09 09:08:00'),
  (9,  'user09', '$2b$10$Mr0xNYvXvyD1R4rJZPqgGu2Je4I18d5ZtgbtoG2ia5tZ2V9vqKTsS', 'user09@test.com', 'USER', '윤지호', 'Y', '2026-03-10 09:09:00'),
  (10, 'user10', '$2b$10$Mr0xNYvXvyD1R4rJZPqgGu2Je4I18d5ZtgbtoG2ia5tZ2V9vqKTsS', 'user10@test.com', 'USER', '임서준', 'Y', '2026-04-11 09:10:00'),
  (11, 'user11', '$2b$10$Mr0xNYvXvyD1R4rJZPqgGu2Je4I18d5ZtgbtoG2ia5tZ2V9vqKTsS', 'user11@test.com', 'USER', '한예린', 'Y', '2026-05-12 09:11:00'),
  (12, 'user12', '$2b$10$Mr0xNYvXvyD1R4rJZPqgGu2Je4I18d5ZtgbtoG2ia5tZ2V9vqKTsS', 'user12@test.com', 'USER', '오지훈', 'Y', '2026-06-13 09:12:00'),
  (13, 'user13', '$2b$10$Mr0xNYvXvyD1R4rJZPqgGu2Je4I18d5ZtgbtoG2ia5tZ2V9vqKTsS', 'user13@test.com', 'USER', '서수아', 'Y', '2026-01-14 09:13:00'),
  (14, 'user14', '$2b$10$Mr0xNYvXvyD1R4rJZPqgGu2Je4I18d5ZtgbtoG2ia5tZ2V9vqKTsS', 'user14@test.com', 'USER', '신건우', 'Y', '2026-02-15 09:14:00'),
  (15, 'user15', '$2b$10$Mr0xNYvXvyD1R4rJZPqgGu2Je4I18d5ZtgbtoG2ia5tZ2V9vqKTsS', 'user15@test.com', 'USER', '권나윤', 'N', '2026-03-16 09:15:00');

-- 2. 약관 (terms) : is_required Y/N 커버
INSERT INTO terms (terms_no, content, is_required, version) VALUES
  (1, '서비스 이용약관 전문 ...', 'Y', 'v10'),
  (2, '개인정보 수집 및 이용 동의 전문 ...', 'Y', 'v10'),
  (3, '혜택 알림 수신 동의 (선택) ...', 'N', 'v10'),
  (4, 'AI 맞춤 설명을 위한 개인정보 제3자 제공 동의 (선택) ...', 'N', 'v10');

-- 3. 지역 (region) : 전국 + 17개 시도 + 대표 시군구(자기참조)
INSERT INTO region (region_code, region_name, parent_region_code) VALUES
  ('00000', '전국', NULL),
  -- 시도 (17)
  ('11000', '서울특별시', NULL),
  ('26000', '부산광역시', NULL),
  ('27000', '대구광역시', NULL),
  ('28000', '인천광역시', NULL),
  ('29000', '광주광역시', NULL),
  ('30000', '대전광역시', NULL),
  ('31000', '울산광역시', NULL),
  ('36000', '세종특별자치시', NULL),
  ('41000', '경기도', NULL),
  ('43000', '충청북도', NULL),
  ('44000', '충청남도', NULL),
  ('46000', '전라남도', NULL),
  ('47000', '경상북도', NULL),
  ('48000', '경상남도', NULL),
  ('50000', '제주특별자치도', NULL),
  ('51000', '강원특별자치도', NULL),
  ('52000', '전북특별자치도', NULL),
  -- 시군구 (대표) : parent = 소속 시도
  ('11110', '서울특별시 종로구', '11000'),
  ('11170', '서울특별시 용산구', '11000'),
  ('11215', '서울특별시 광진구', '11000'),
  ('11440', '서울특별시 마포구', '11000'),
  ('11650', '서울특별시 서초구', '11000'),
  ('11680', '서울특별시 강남구', '11000'),
  ('26110', '부산광역시 중구', '26000'),
  ('26350', '부산광역시 해운대구', '26000'),
  ('26440', '부산광역시 강서구', '26000'),
  ('27110', '대구광역시 중구', '27000'),
  ('27260', '대구광역시 수성구', '27000'),
  ('28110', '인천광역시 중구', '28000'),
  ('28237', '인천광역시 부평구', '28000'),
  ('29110', '광주광역시 동구', '29000'),
  ('29200', '광주광역시 광산구', '29000'),
  ('30110', '대전광역시 동구', '30000'),
  ('30230', '대전광역시 유성구', '30000'),
  ('31110', '울산광역시 중구', '31000'),
  ('31140', '울산광역시 남구', '31000'),
  ('41110', '경기도 수원시', '41000'),
  ('41130', '경기도 성남시', '41000'),
  ('41150', '경기도 의정부시', '41000'),
  ('41190', '경기도 부천시', '41000'),
  ('41210', '경기도 광명시', '41000'),
  ('41280', '경기도 고양시', '41000'),
  ('41360', '경기도 남양주시', '41000'),
  ('41460', '경기도 용인시', '41000'),
  ('43110', '충청북도 청주시', '43000'),
  ('44130', '충청남도 천안시', '44000'),
  ('46110', '전라남도 목포시', '46000'),
  ('47110', '경상북도 포항시', '47000'),
  ('48120', '경상남도 창원시', '48000'),
  ('50110', '제주특별자치도 제주시', '50000'),
  ('51110', '강원특별자치도 춘천시', '51000'),
  ('52110', '전북특별자치도 전주시', '52000');

-- 4. 혜택 카테고리 (benefit_category) : API 대분류 1:1, lclsf_nm 은 응답 원문(반각 ･ 주의)
INSERT INTO benefit_category (category_code, category_name, lclsf_nm, display_order) VALUES
  ('01', '일자리',   '일자리',        1),
  ('02', '주거',     '주거',          2),
  ('03', '교육',     '교육･직업훈련', 3),
  ('04', '복지문화', '금융･복지･문화', 4),
  ('05', '참여권리', '참여권리',      5);

-- 5. 추천검색어 (recommend_keyword) : is_active Y/N 커버
INSERT INTO recommend_keyword (keyword_code, keyword_name, display_order, is_active) VALUES
  (1, '청년월세지원', 1, 'Y'),
  (2, '청년도약계좌', 2, 'Y'),
  (3, '취업지원금', 3, 'Y'),
  (4, '청년내일저축', 4, 'Y'),
  (5, '전세보증금대출', 5, 'Y'),
  (6, '국가장학금', 6, 'Y'),
  (7, '지난시즌키워드', 99, 'N');

-- 6. 소비 카테고리 (spending_category) : 원본 보존
INSERT INTO spending_category (category_no, category_name) VALUES
  (1, '식비'),
  (2, '카페·간식'),
  (3, '교통'),
  (4, '쇼핑'),
  (5, '문화·여가'),
  (6, '생활'),
  (7, '마트·편의점'),
  (8, '주거·공과금'),
  (9, '통신'),
  (10, '의료·건강'),
  (11, '유흥'),
  (12, '교육'),
  (13, '여행'),
  (14, '경조사'),
  (15, '기타');

-- 7. 금융 상품 (finance_product) : 원본 보존 · product_type ENUM 영문화
INSERT INTO finance_product (product_no, product_name, product_type, org_name, interest_rate) VALUES
  (1, '청년도약계좌', 'SAVINGS', 'KB국민은행', 4.80),
  (2, '청년내일저축계좌', 'SAVINGS', '하나은행', 3.20),
  (3, 'KB주택청약종합저축', 'SUBSCRIPTION', 'KB국민은행', 2.30),
  (4, 'KB Star 정기예금', 'DEPOSIT', 'KB국민은행', 2.75),
  (5, '청년 실손의료보험', 'INSURANCE', 'KB손해보험', NULL),
  (6, 'KB 퇴직연금 DC', 'PENSION', 'KB국민은행', 2.60);

-- 8. 스트레스 시나리오 (stress_scenario) : 원본 보존 (shock_level LOW/MID/HIGH)
INSERT INTO stress_scenario (scenario_no, scenario_code, scenario_name, description, shock_level, target_category, change_rate, fixed_amount) VALUES
  (1, 'INFLATION', '물가 상승', '물가 상승 시나리오 - 충격강도 낮음', 'LOW', '식비', 0.100, NULL),
  (2, 'INFLATION', '물가 상승', '물가 상승 시나리오 - 충격강도 보통', 'MID', '식비', 0.200, NULL),
  (3, 'INFLATION', '물가 상승', '물가 상승 시나리오 - 충격강도 높음', 'HIGH', '식비', 0.300, NULL),
  (4, 'MEDICAL', '의료비 지출', '의료비 지출 시나리오 - 충격강도 낮음', 'LOW', '의료·건강', NULL, 150000),
  (5, 'MEDICAL', '의료비 지출', '의료비 지출 시나리오 - 충격강도 보통', 'MID', '의료·건강', NULL, 500000),
  (6, 'MEDICAL', '의료비 지출', '의료비 지출 시나리오 - 충격강도 높음', 'HIGH', '의료·건강', NULL, 1000000),
  (7, 'RENT', '월세 상승', '월세 상승 시나리오 - 충격강도 낮음', 'LOW', '주거·공과금', 0.050, NULL),
  (8, 'RENT', '월세 상승', '월세 상승 시나리오 - 충격강도 보통', 'MID', '주거·공과금', 0.100, NULL),
  (9, 'RENT', '월세 상승', '월세 상승 시나리오 - 충격강도 높음', 'HIGH', '주거·공과금', 0.200, NULL),
  (10, 'RATE', '금리 상승', '금리 상승 시나리오 - 충격강도 낮음', 'LOW', '주거·공과금', 0.150, NULL),
  (11, 'RATE', '금리 상승', '금리 상승 시나리오 - 충격강도 보통', 'MID', '주거·공과금', 0.250, NULL),
  (12, 'RATE', '금리 상승', '금리 상승 시나리오 - 충격강도 높음', 'HIGH', '주거·공과금', 0.300, NULL),
  (13, 'COMPLEX', '복합 위기', '복합 위기 시나리오 - 충격강도 낮음', 'LOW', 'ALL', NULL, NULL),
  (14, 'COMPLEX', '복합 위기', '복합 위기 시나리오 - 충격강도 보통', 'MID', 'ALL', NULL, NULL),
  (15, 'COMPLEX', '복합 위기', '복합 위기 시나리오 - 충격강도 높음', 'HIGH', 'ALL', NULL, NULL);

-- 9. 회원 프로필 (member_profile) : employ_status/major/education/mrg_stts_cd 코드 FK, 전 코드 등장
INSERT INTO member_profile (member_no, birth_date, region_code, income, employ_status, major, household_size, education, mrg_stts_cd, profile_img_path) VALUES
  (2, '1998-03-03', '41000', 2074000, '0013001', '0011001', 3, '0049001', '0055002', NULL),
  (3, '1999-04-04', '26000', 2211000, '0013002', '0011002', 4, '0049002', '0055001', '/profile/user03.png'),
  (4, '2000-05-05', '11110', 2348000, '0013003', '0011003', 1, '0049003', '0055002', NULL),
  (5, '2001-06-06', '11680', 2485000, '0013004', '0011004', 2, '0049004', '0055001', NULL),
  (6, '2002-07-07', '41110', 2622000, '0013005', '0011005', 3, '0049005', '0055002', '/profile/user06.png'),
  (7, '2003-08-08', '41130', 2759000, '0013006', '0011006', 4, '0049006', '0055002', NULL),
  (8, '1996-09-09', '26350', 2896000, '0013007', '0011007', 1, '0049007', '0055001', NULL),
  (9, '1997-01-10', '41110', 3033000, '0013008', '0011008', 2, '0049008', '0055002', '/profile/user09.png'),
  (10, '1998-02-11', '11000', 3170000, '0013009', '0011001', 3, '0049009', '0055001', NULL),
  (11, '1999-03-12', '41000', 3307000, '0013001', '0011005', 4, '0049005', '0055002', NULL),
  (12, '2000-04-13', '26000', 3444000, '0013003', '0011003', 1, '0049004', '0055002', '/profile/user12.png'),
  (13, '2001-05-14', '11110', 3581000, '0013005', '0011002', 2, '0049007', '0055001', NULL),
  (14, '2002-06-15', '11680', 3718000, '0013002', '0011006', 3, '0049006', '0055002', NULL),
  (15, '2000-05-05', '26350', NULL, NULL, NULL, NULL, NULL, NULL, NULL);

-- 10. 회원 약관동의 (member_terms_agree) : is_agreed Y/N 커버
INSERT INTO member_terms_agree (agree_no, member_no, terms_no, is_agreed, agreed_at) VALUES
  (1, 2, 1, 'Y', '2026-02-10 09:00:00'),
  (2, 2, 2, 'Y', '2026-02-10 09:00:00'),
  (3, 2, 3, 'Y', '2026-02-10 09:00:00'),
  (4, 3, 1, 'Y', '2026-03-10 09:00:00'),
  (5, 3, 2, 'Y', '2026-03-10 09:00:00'),
  (6, 4, 1, 'Y', '2026-04-10 09:00:00'),
  (7, 4, 2, 'Y', '2026-04-10 09:00:00'),
  (8, 4, 3, 'Y', '2026-04-10 09:00:00'),
  (9, 5, 1, 'Y', '2026-05-10 09:00:00'),
  (10, 5, 2, 'Y', '2026-05-10 09:00:00'),
  (11, 6, 1, 'Y', '2026-06-10 09:00:00'),
  (12, 6, 2, 'Y', '2026-06-10 09:00:00'),
  (13, 6, 3, 'Y', '2026-06-10 09:00:00'),
  (14, 7, 1, 'Y', '2026-01-10 09:00:00'),
  (15, 7, 2, 'Y', '2026-01-10 09:00:00'),
  (16, 8, 1, 'Y', '2026-02-10 09:00:00'),
  (17, 8, 2, 'Y', '2026-02-10 09:00:00'),
  (18, 8, 3, 'Y', '2026-02-10 09:00:00'),
  (19, 9, 1, 'Y', '2026-03-10 09:00:00'),
  (20, 9, 2, 'Y', '2026-03-10 09:00:00'),
  (21, 10, 1, 'Y', '2026-04-10 09:00:00'),
  (22, 10, 2, 'Y', '2026-04-10 09:00:00'),
  (23, 10, 3, 'Y', '2026-04-10 09:00:00'),
  (24, 11, 1, 'Y', '2026-05-10 09:00:00'),
  (25, 11, 2, 'Y', '2026-05-10 09:00:00'),
  (26, 12, 1, 'Y', '2026-06-10 09:00:00'),
  (27, 12, 2, 'Y', '2026-06-10 09:00:00'),
  (28, 12, 3, 'Y', '2026-06-10 09:00:00'),
  (29, 13, 1, 'Y', '2026-01-10 09:00:00'),
  (30, 13, 2, 'Y', '2026-01-10 09:00:00'),
  (31, 14, 1, 'Y', '2026-02-10 09:00:00'),
  (32, 14, 2, 'Y', '2026-02-10 09:00:00'),
  (33, 14, 3, 'Y', '2026-02-10 09:00:00'),
  (34, 15, 1, 'Y', '2026-03-10 09:00:00'),
  (35, 15, 2, 'Y', '2026-03-10 09:00:00'),
  (36, 2, 4, 'Y', '2026-02-10 09:00:00'),
  (37, 3, 4, 'N', '2026-03-10 09:00:00'),
  (38, 4, 4, 'N', '2026-04-10 09:00:00'),
  (39, 5, 4, 'Y', '2026-05-10 09:00:00'),
  (40, 6, 3, 'N', '2026-06-10 09:00:00');

-- 11. 목표 (goal) : goal_type 5종 전부 등장
INSERT INTO goal (goal_no, member_no, goal_type, created_at) VALUES
  (1,  2,  'INDEPENDENCE', '2026-02-10 10:00:00'),
  (2,  3,  'EMPLOYMENT',   '2026-03-10 10:00:00'),
  (3,  4,  'STARTUP',      '2026-04-10 10:00:00'),
  (4,  5,  'MARRIAGE',     '2026-05-10 10:00:00'),
  (5,  6,  'STUDY_ABROAD', '2026-06-10 10:00:00'),
  (6,  7,  'EMPLOYMENT',   '2026-01-10 10:00:00'),
  (7,  8,  'INDEPENDENCE', '2026-02-10 10:00:00'),
  (8,  9,  'STARTUP',      '2026-03-10 10:00:00'),
  (9,  10, 'MARRIAGE',     '2026-04-10 10:00:00'),
  (10, 11, 'STUDY_ABROAD', '2026-05-10 10:00:00'),
  (11, 12, 'EMPLOYMENT',   '2026-06-10 10:00:00'),
  (12, 13, 'INDEPENDENCE', '2026-01-10 10:00:00');

-- 12. 알림 (notification) : noti_type 4종 + is_read Y/N 전부 등장
INSERT INTO notification (noti_no, member_no, noti_type, content, is_read, created_at) VALUES
  (1,  2, 'NEW_BENEFIT', '회원님 조건에 맞는 새로운 혜택이 등록되었습니다.',        'N', '2026-07-01 08:00:00'),
  (2,  2, 'DEADLINE',    '관심 혜택 [청년월세 특별지원] 마감이 3일 남았습니다.',    'Y', '2026-07-02 08:00:00'),
  (3,  3, 'SPENDING',    '6월 소비 분석 리포트가 도착했습니다.',                    'N', '2026-07-01 09:00:00'),
  (4,  3, 'ACCOUNT',     '비밀번호가 정상적으로 변경되었습니다.',                   'Y', '2026-06-20 14:00:00'),
  (5,  4, 'NEW_BENEFIT', '회원님 목표(창업)에 맞는 혜택이 추천되었습니다.',          'N', '2026-07-03 08:00:00'),
  (6,  5, 'DEADLINE',    '관심 혜택 [청년내일저축계좌] 마감이 임박했습니다.',        'N', '2026-07-04 08:00:00'),
  (7,  6, 'SPENDING',    '이번 달 교통비 지출이 지난달보다 증가했습니다.',          'Y', '2026-07-01 09:30:00'),
  (8,  7, 'ACCOUNT',     '생년월일 정보가 수정되었습니다.',                         'N', '2026-06-25 11:00:00'),
  (9,  8, 'NEW_BENEFIT', '신규 혜택 [K-패스] 안내드립니다.',                        'Y', '2026-07-05 08:00:00'),
  (10, 9, 'DEADLINE',    '관심 혜택 마감 D-7 알림입니다.',                          'N', '2026-07-06 08:00:00');

-- 13. 계좌 (account) : 원본 보존
INSERT INTO account (account_id, member_no, bank_name, account_no, balance) VALUES
  (1, 2, '우리은행', '112-002-000001', 0),
  (2, 2, '하나은행', '112-102-000002', 35000),
  (3, 3, '하나은행', '113-003-000003', 1250000),
  (4, 4, '카카오뱅크', '114-004-000004', 780000),
  (5, 5, 'KB국민은행', '115-005-000005', 9876500),
  (6, 5, '신한은행', '115-105-000006', 230000),
  (7, 6, '신한은행', '116-006-000007', 12000000),
  (8, 7, '우리은행', '117-007-000008', 25000000),
  (9, 8, '하나은행', '118-008-000009', 15000),
  (10, 8, '카카오뱅크', '118-108-000010', 350000000),
  (11, 9, '카카오뱅크', '119-009-000011', 870000),
  (12, 10, 'KB국민은행', '120-010-000012', 500000),
  (13, 11, '신한은행', '121-011-000013', 100000000);

-- 14. 사용자 금융상품 (member_finance_product) : 원본 보존
INSERT INTO member_finance_product (link_no, member_no, product_no, hold_amount, join_date, maturity_date) VALUES
  (1, 2, 3, 1000662, '2025-03-15', '2028-03-15'),
  (2, 3, 4, 1000993, '2025-04-15', '2028-04-15'),
  (3, 3, 6, 500231, '2026-01-10', NULL),
  (4, 4, 5, 1001324, '2025-05-15', '2028-05-15'),
  (5, 5, 6, 1001655, '2025-06-15', '2028-06-15'),
  (6, 6, 1, 1001986, '2025-07-15', '2028-07-15'),
  (7, 6, 3, 500462, '2026-01-10', NULL),
  (8, 7, 2, 1002317, '2025-08-15', '2028-08-15'),
  (9, 8, 3, 1002648, '2025-09-15', '2028-09-15'),
  (10, 9, 4, 1002979, '2025-10-15', '2028-10-15'),
  (11, 9, 6, 500693, '2026-01-10', NULL),
  (12, 10, 5, 1003310, '2025-11-15', '2028-11-15'),
  (13, 11, 6, 1003641, '2025-12-15', '2028-12-15');

-- 15. 소비 내역 (spending) : 원본 보존 · pay_method ENUM 영문화
INSERT INTO spending (spending_no, account_id, member_no, category_no, spending_date, amount, merchant, pay_method, memo) VALUES
  (1, 1, 2, 3, '2026-05-07', 1450, '서울교통공사', 'CHECK_CARD', '출퇴근 교통비'),
(2, 2, 2, 4, '2026-06-14', 58900, '무신사', 'EASY_PAY', '여름 옷 구매'),
(3, 1, 2, 5, '2026-07-21', 16000, 'CGV', 'CREDIT_CARD', '영화 관람'),
(4, 2, 2, 6, '2026-05-01', 23800, '다이소', 'CHECK_CARD', '생활용품 구매'),
(5, 1, 2, 7, '2026-06-08', 7800, 'GS25', 'CHECK_CARD', '간식 및 음료'),
(6, 3, 3, 4, '2026-05-10', 129000, '29CM', 'EASY_PAY', '신발 구매'),
(7, 3, 3, 5, '2026-06-17', 28000, 'CGV', 'CREDIT_CARD', '문화생활'),
(8, 3, 3, 6, '2026-07-24', 42000, '쿠팡', 'EASY_PAY', '생활용품'),
(9, 3, 3, 7, '2026-05-04', 5600, 'CU편의점', 'CHECK_CARD', '간식 구매'),
(10, 3, 3, 8, '2026-06-11', 520000, '관리비', 'TRANSFER', '월 관리비'),
(11, 4, 4, 5, '2026-05-13', 15000, '메가박스', 'CREDIT_CARD', '영화 관람'),
(12, 4, 4, 6, '2026-06-20', 31500, '다이소', 'CHECK_CARD', '생활용품'),
(13, 4, 4, 7, '2026-07-27', 9200, 'GS25', 'CHECK_CARD', '편의점'),
(14, 4, 4, 8, '2026-05-07', 650000, '월세', 'TRANSFER', '월세 납부'),
(15, 4, 4, 9, '2026-06-14', 69000, 'SKT', 'TRANSFER', '휴대폰 요금'),
(16, 5, 5, 6, '2026-05-16', 45800, '쿠팡', 'EASY_PAY', '생활용품 구매'),
(17, 6, 5, 7, '2026-06-23', 12500, 'GS25', 'CHECK_CARD', '간식'),
(18, 5, 5, 8, '2026-07-03', 720000, '월세', 'TRANSFER', '월세 납부'),
(19, 6, 5, 9, '2026-05-10', 55000, 'KT', 'EASY_PAY', '통신비'),
(20, 5, 5, 10, '2026-06-17', 87000, '서울병원', 'CREDIT_CARD', '진료 및 약값'),
(21, 7, 6, 7, '2026-05-19', 6700, 'CU편의점', 'CHECK_CARD', '간식'),
(22, 7, 6, 8, '2026-06-26', 480000, '관리비', 'TRANSFER', '공과금'),
(23, 7, 6, 9, '2026-07-06', 59000, 'LG U+', 'TRANSFER', '통신비'),
(24, 7, 6, 10, '2026-05-13', 45000, '내과의원', 'CHECK_CARD', '병원비'),
(25, 7, 6, 11, '2026-06-20', 43000, '호프집', 'CREDIT_CARD', '친구 모임'),
(26, 8, 7, 8, '2026-05-22', 610000, '월세', 'TRANSFER', '월세 납부'),
(27, 8, 7, 9, '2026-06-02', 64000, 'SKT', 'CREDIT_CARD', '휴대폰 요금'),
(28, 8, 7, 10, '2026-07-09', 32000, '약국', 'CHECK_CARD', '감기약 구매'),
(29, 8, 7, 11, '2026-05-16', 56000, '술집', 'CREDIT_CARD', '회식'),
(30, 8, 7, 12, '2026-06-23', 99000, '인프런', 'EASY_PAY', '온라인 강의'),
(31, 9, 8, 9, '2026-05-25', 72000, 'KT', 'CREDIT_CARD', '통신비'),
(32, 10, 8, 10, '2026-06-05', 120000, '종합병원', 'CREDIT_CARD', '건강검진'),
(33, 9, 8, 11, '2026-07-12', 48000, '포차', 'CREDIT_CARD', '친구 모임'),
(34, 10, 8, 12, '2026-05-19', 55000, '인프런', 'EASY_PAY', '교육비'),
(35, 9, 8, 13, '2026-06-26', 185000, '야놀자', 'CREDIT_CARD', '숙박 예약'),
(36, 11, 9, 10, '2026-05-01', 65000, '병원', 'CHECK_CARD', '진료비'),
(37, 11, 9, 11, '2026-06-08', 72000, '술집', 'CREDIT_CARD', '모임 비용'),
(38, 11, 9, 12, '2026-07-15', 120000, '패스트캠퍼스', 'EASY_PAY', '온라인 교육'),
(39, 11, 9, 13, '2026-05-22', 230000, '야놀자', 'CREDIT_CARD', '여행 숙박'),
(40, 11, 9, 14, '2026-06-02', 70000, '꽃집', 'TRANSFER', '경조사'),
(41, 12, 10, 11, '2026-05-04', 35000, '호프집', 'CASH', '저녁 모임'),
(42, 12, 10, 12, '2026-06-11', 89000, '인프런', 'EASY_PAY', '자격증 강의'),
(43, 12, 10, 13, '2026-07-18', 270000, '야놀자', 'CREDIT_CARD', '여행 비용'),
(44, 12, 10, 14, '2026-05-25', 50000, '꽃집', 'EASY_PAY', '축하 선물'),
(45, 12, 10, 15, '2026-06-05', 22000, '올리브영', 'CHECK_CARD', '생활 소비'),
(46, 13, 11, 12, '2026-05-07', 150000, '온라인교육', 'EASY_PAY', '직무 교육'),
(47, 13, 11, 13, '2026-06-14', 320000, '호텔예약', 'CREDIT_CARD', '여행'),
(48, 13, 11, 14, '2026-07-21', 80000, '꽃집', 'EASY_PAY', '경조사'),
(49, 13, 11, 15, '2026-05-01', 35000, '편의점', 'CHECK_CARD', '기타 소비'),
(50, 13, 11, 1, '2026-06-08', 8500, '김밥천국', 'CASH', '점심 식사');

-- 16. 예상 소비 (expected_spending) : 원본 보존
INSERT INTO expected_spending (expected_no, account_id, member_no, category_no, expected_date, expected_amount, merchant, memo) VALUES
  (1, 1, 2, 5, '2026-08-03', 32000, 'CGV', '주말 영화 관람 예정'),
(2, 1, 2, 6, '2026-08-14', 45000, '쿠팡', '생활용품 정기 구매'),
(3, 3, 3, 7, '2026-08-04', 35000, 'GS25', '편의점 식료품 구매'),
(4, 3, 3, 8, '2026-08-15', 520000, '관리사무소', '월 관리비 납부 예정'),
(5, 4, 4, 9, '2026-08-05', 69000, 'SKT', '휴대폰 요금 자동이체'),
(6, 4, 4, 10, '2026-08-16', 60000, '서울내과', '정기 진료 및 약값'),
(7, 5, 5, 11, '2026-08-06', 50000, '호프집', '친구 모임 예정'),
(8, 5, 5, 12, '2026-08-17', 120000, '인프런', '직무 교육 강의 결제'),
(9, 7, 6, 13, '2026-08-07', 250000, '야놀자', '여름 여행 숙박 예약'),
(10, 7, 6, 14, '2026-08-18', 70000, '꽃집', '가족 행사 꽃 선물'),
(11, 8, 7, 15, '2026-08-08', 30000, '올리브영', '생활 잡화 구매'),
(12, 8, 7, 1, '2026-08-19', 12000, '김밥천국', '점심 식사 예정');

-- 17. 동기화 로그 (sync_log) : exec_type A/M, result_status S/P/F 전부 등장
INSERT INTO sync_log (log_no, executed_at, exec_type, result_status, total_cnt, insert_cnt, update_cnt, skip_cnt, error_msg, duration_ms, member_no) VALUES
  (1, '2026-07-18 23:59:00', 'A', 'S', 120, 5, 8, 107, NULL, 4210, NULL),
  (2, '2026-07-19 23:59:00', 'A', 'S', 118, 2, 10, 106, NULL, 3980, NULL),
  (3, '2026-07-20 23:59:00', 'A', 'P', 121, 3, 9, 108, '일부 항목 파싱 실패(3건)', 4550, NULL),
  (4, '2026-07-21 23:59:00', 'A', 'S', 119, 1, 6, 112, NULL, 3760, NULL),
  (5, '2026-07-21 14:10:00', 'M', 'S', 119, 0, 4, 115, NULL, 3620, 1),
  (6, '2026-07-22 09:05:00', 'M', 'F', 0, 0, 0, 0, '공공데이터포털 API 응답 오류(HTTP 500)', 1500, 1);
